0,N/A,N/A,N/A
1,N/A,N/A,N/A
2,32204,grasscloth,hemp burlap
3,32201,grasscloth,hemp burlap
4,32216,grasscloth,jute grasscloth
5,32029,grasscloth,jute grasscloth
6,32266,grasscloth,jute grasscloth
7,32028,grasscloth,jute grasscloth
8,32027,grasscloth,jute grasscloth
9,32024,grasscloth,jute grasscloth
10,32227,grasscloth,jute grasscloth
11,32025,grasscloth,jute grasscloth
12,32019,grasscloth,jute grasscloth
13,35029,grasscloth,jute grasscloth
14,32013,grasscloth,jute grasscloth
15,35063,grasscloth,jute grasscloth
16,31204,grasscloth,jute grasscloth
17,31727,grasscloth,jute grasscloth
18,35905,grasscloth,paperweave
19,34035,grasscloth,paperweave
20,32211,grasscloth,paperweave
21,32536,grasscloth,paperweave
22,32155,grasscloth,paperweave
23,32219,grasscloth,paperweave
24,32253,grasscloth,sisal grasscloth
25,32220,grasscloth,sisal grasscloth
26,34005,grasscloth,sisal grasscloth
27,32135,grasscloth,sisal grasscloth
28,35959,grasscloth,sisal grasscloth
29,35931,grasscloth,sisal grasscloth
30,35059,grasscloth,sisal grasscloth
31,32129,grasscloth,sisal grasscloth
32,32251,grasscloth,sisal grasscloth
33,4004,wallpaper,acco 20
34,4005,wallpaper,acco 20
35,4006,wallpaper,acco 20
36,4007,wallpaper,acco 20
37,5004,wallpaper,acco 22 grasscloth
38,5005,wallpaper,acco 22 grasscloth
39,5006,wallpaper,acco 22 grasscloth
40,5007,wallpaper,acco 22 grasscloth
41,5014,wallpaper,acco 22 grasscloth
42,6004,wallpaper,acco kits
43,6006,wallpaper,acco kits
44,6005,wallpaper,acco kits
45,7004,wallpaper,acco kits grasscloth
46,7005,wallpaper,acco kits grasscloth
47,7006,wallpaper,acco kits grasscloth
48,7007,wallpaper,acco kits grasscloth
49,8008,wallpaper,casa mila
50,8009,wallpaper,casa mila
51,8002,wallpaper,casa mila
52,9011,wallpaper,columbia heights
53,9012,wallpaper,columbia heights
54,9013,wallpaper,columbia heights
55,3001,wallpaper,half max
56,3002,wallpaper,half max
57,3003,wallpaper,half max
58,2001,wallpaper,half max grasscloth
59,2002,wallpaper,half max grasscloth
60,2003,wallpaper,half max grasscloth
61,1001,wallpaper,maxwell
62,1002,wallpaper,maxwell
63,1003,wallpaper,maxwell
64,1115,wallpaper,montague
65,1117,wallpaper,montague
66,1118,wallpaper,montague
67,1120,wallpaper,montague
68,1417,wallpaper,montague grasscloth
69,1420,wallpaper,montague grasscloth
70,1441,wallpaper,montague grasscloth
71,1443,wallpaper,montague grasscloth
72,1413,wallpaper,montague grasscloth
73,1321,wallpaper,montague terrace
74,1322,wallpaper,montague terrace
75,1530,wallpaper,promenade
76,1531,wallpaper,promenade
77,1532,wallpaper,promenade
78,N/A,N/A,N/A
79,N/A,N/A,N/A
80,N/A,N/A,N/A
81,N/A,N/A,N/A
82,N/A,N/A,N/A
83,N/A,N/A,N/A
84,N/A,N/A,N/A
85,N/A,N/A,N/A
86,N/A,N/A,N/A
87,N/A,N/A,N/A
88,N/A,N/A,N/A
89,N/A,N/A,N/A
90,N/A,N/A,N/A
91,N/A,N/A,N/A
92,N/A,N/A,N/A
93,N/A,N/A,N/A
94,N/A,N/A,N/A
95,N/A,N/A,N/A
96,N/A,N/A,N/A
97,N/A,N/A,N/A
98,N/A,N/A,N/A
99,1534,wallpaper,promenade
100,1535,wallpaper,promenade
101,N/A,N/A,N/A
102,1631,wallpaper,peekaboo
103,1637,wallpaper,peekaboo
104,1638,wallpaper,peekaboo
105,1639,wallpaper,peekaboo
106,1640,wallpaper,peekaboo
107,1713,wallpaper,sherwood 
108,1741,wallpaper,sherwood 
109,1219,wallpaper,terrace
110,1220,wallpaper,terrace
111,1223,wallpaper,terrace
112,502004,fabric,acco 22
113,502005,fabric,acco 22
114,502006,fabric,acco 22
115,502007,fabric,acco 22
116,502015,fabric,acco 22
117,502016,fabric,acco 22
118,509486,fabric,acco 22
119,503008,fabric,casa mila
120,503009,fabric,casa mila
121,503016,fabric,casa mila
122,501001,fabric,maxwell
123,501002,fabric,maxwell
124,501003,fabric,maxwell
125,509477,fabric,maxwell
126,509480,fabric,maxwell
127,504015,fabric,montague
128,504018,fabric,montague
129,504020,fabric,montague
130,504024,fabric,montague
131,504025,fabric,peekaboo
132,504039,fabric,peekaboo
133,N/A,N/A,N/A
134,N/A,N/A,N/A
135,N/A,N/A,N/A
136,N/A,N/A,N/A
137,N/A,N/A,N/A
138,N/A,N/A,N/A
139,N/A,N/A,N/A
140,N/A,N/A,N/A
141,N/A,N/A,N/A
142,N/A,N/A,N/A
143,N/A,N/A,N/A
144,N/A,N/A,N/A
145,N/A,N/A,N/A
146,70203205,pillows,acco 22
147,N/A,N/A,N/A
148,N/A,N/A,N/A
149,N/A,N/A,N/A
150,N/A,N/A,N/A
151,N/A,N/A,N/A
152,N/A,N/A,N/A
153,N/A,N/A,N/A
154,N/A,N/A,N/A
155,N/A,N/A,N/A
156,N/A,N/A,N/A
157,7010307,wallpaper,racer 
158,7010308,wallpaper,racer 
159,7010309,wallpaper,racer 
160,7010310,wallpaper,racer 
161,N/A,N/A,N/A
162,N/A,N/A,N/A
163,N/A,N/A,N/A
164,N/A,N/A,N/A
165,N/A,N/A,N/A
166,N/A,N/A,N/A
167,8010307,wallpaper,racer room
168,8010308,wallpaper,racer room
169,8010309,wallpaper,racer room
170,8010310,wallpaper,racer room
171,N/A,N/A,N/A
172,N/A,N/A,N/A
173,N/A,N/A,N/A
174,N/A,N/A,N/A
175,N/A,N/A,N/A
176,N/A,N/A,N/A
177,N/A,N/A,N/A
178,N/A,N/A,N/A
179,N/A,N/A,N/A
180,N/A,N/A,N/A
181,N/A,N/A,N/A
182,N/A,N/A,N/A
183,N/A,N/A,N/A
184,N/A,N/A,N/A
185,N/A,N/A,N/A
186,N/A,N/A,N/A
187,N/A,N/A,N/A
188,N/A,N/A,N/A
189,N/A,N/A,N/A
190,N/A,N/A,N/A
191,N/A,N/A,N/A
192,N/A,N/A,N/A
193,N/A,N/A,N/A
194,N/A,N/A,N/A
195,N/A,N/A,N/A
196,N/A,N/A,N/A
197,N/A,N/A,N/A
198,N/A,N/A,N/A
199,N/A,N/A,N/A
200,N/A,N/A,N/A
